抓取日期,來源網址,文章標題,核心技術聚類,目標受眾層級,產業趨勢
2026-02-24 13:53:04,https://technews.tw/category/semiconductor/,半導體 | TechNews 科技新報,"AI晶片, 先進封裝","C-Level決策者, 產業分析師",AI晶片推動先進技術，地緣政治與能耗成新挑戰。
2026-02-24 14:11:40,https://finance.technews.tw/2026/02/24/not-only-electronics-stocks-are-strong/,2026 年不僅電子股強勢！兆豐投信首發 00996A 主動式 ETF 自 3/4 開募 | TechNews 科技新報,"AI, 半導體",金融投資者,AI浪潮驅動台股成長，中小型供應鏈潛力大。
2026-02-24 14:11:40,https://technews.tw/2026/02/24/tsmc-huawei-3d-packaging-for-smartphone-socs/,散熱成最大挑戰！智慧手機晶片難採 3D 封裝，台積電、華為專注製程改善 | TechNews 科技新報,"先進封裝, 散熱","研發工程師, C-Level決策者",手機晶片散熱成3D封裝阻礙，轉向製程優化。
2026-02-24 08:00:21,https://technews.tw/2026/02/24/if-china-blocks-taiwans-chip-exports/,若中國封鎖台灣晶片出口，美國科技業恐遭重擊！97% 高階晶片依賴是最大隱憂 | TechNews 科技新報,"高階晶片, 半導體供應鏈","C-Level決策者, 政府官員",因地緣政治緊張，全球加速分散半導體供應鏈以降低高階晶片依賴。
2026-02-24 08:00:21,https://finance.technews.tw/2026/02/24/not-only-electronics-stocks-are-strong/,2026 年不僅電子股強勢！兆豐投信首發 00996A 主動式 ETF 自 3/4 開募 | TechNews 科技新報,"AI人工智慧, 半導體",投資人,AI浪潮助漲台股，中小型AI供應鏈潛力股受關注。
2026-02-24 08:18:20,https://technews.tw/2026/02/24/if-china-blocks-taiwans-chip-exports/,若中國封鎖台灣晶片出口，美國科技業恐遭重擊！97% 高階晶片依賴是最大隱憂 | TechNews 科技新報,"高階晶片, 半導體供應鏈",C-Level決策者,全球高階晶片極度依賴台灣，地緣政治風險恐重創科技業供應鏈。
2026-02-24 08:18:20,https://finance.technews.tw/2026/02/24/not-only-electronics-stocks-are-strong/,2026 年不僅電子股強勢！兆豐投信首發 00996A 主動式 ETF 自 3/4 開募 | TechNews 科技新報,"AI人工智慧, 半導體",投資人,AI熱潮帶動台股成長，主動選股可獲超額報酬。
2026-02-24 16:30:21,https://technews.tw/2026/02/24/if-china-blocks-taiwans-chip-exports/,若中國封鎖台灣晶片出口，美國科技業恐遭重擊！97% 高階晶片依賴是最大隱憂 | TechNews 科技新報,"高階晶片, 半導體供應鏈",C-Level決策者,美國科技業因高階晶片過度依賴台灣，面臨地緣政治供應鏈中斷風險。
2026-02-24 16:30:21,https://finance.technews.tw/2026/02/24/not-only-electronics-stocks-are-strong/,2026 年不僅電子股強勢！兆豐投信首發 00996A 主動式 ETF 自 3/4 開募 | TechNews 科技新報,AI人工智慧,投資人,AI浪潮驅動台股成長，中小型股顯超額報酬潛力。
2026-02-25 04:04:52,https://finance.technews.tw/2026/02/24/not-only-electronics-stocks-are-strong/,2026 年不僅電子股強勢！兆豐投信首發 00996A 主動式 ETF 自 3/4 開募 | TechNews 科技新報,"AI 人工智慧, 半導體",投資人,AI浪潮助推台股與中小型股成長。
2026-02-25 04:04:52,https://technews.tw/2026/02/24/tsmc-huawei-3d-packaging-for-smartphone-socs/,散熱成最大挑戰！智慧手機晶片難採 3D 封裝，台積電、華為專注製程改善 | TechNews 科技新報,"先進封裝, 散熱技術",研發工程師,手機晶片散熱瓶頸阻礙3D封裝，製程改善為當務之急。
2026-02-25 09:46:33,https://technews.tw/2026/02/24/if-china-blocks-taiwans-chip-exports/,若中國封鎖台灣晶片出口，美國科技業恐遭重擊！97% 高階晶片依賴是最大隱憂 | TechNews 科技新報,"高階晶片, 半導體供應鏈","C-Level決策者, 政府政策制定者",地緣政治風險加劇，威脅全球高階晶片供應鏈。
2026-02-25 09:46:33,https://finance.technews.tw/2026/02/24/not-only-electronics-stocks-are-strong/,2026 年不僅電子股強勢！兆豐投信首發 00996A 主動式 ETF 自 3/4 開募 | TechNews 科技新報,"AI 人工智慧, 半導體",一般投資人,AI浪潮帶動台股成長，主動選股挖掘超額報酬潛力。
